{
  "classname": "CCNode",
  "name": null,
  "canedit": true,
  "objecttag": 10000,
  "rotation": 0,
  "scalex": 1,
  "scaley": 1,
  "visible": 1,
  "x": 0,
  "y": 0,
  "zorder": 1,
  "gameobjects": [
    {
      "__type": "ComGameObjectSurrogate:#EditorCommon.JsonModel",
      "classname": "CCNode",
      "name": "mainUI",
      "canedit": true,
      "objecttag": 10100,
      "rotation": 0,
      "scalex": 1.78,
      "scaley": 1.5,
      "visible": 1,
      "x": 0,
      "y": 0,
      "zorder": 1,
      "gameobjects": [],
      "components": [
        {
          "__type": "ComGUIAdapterSurrogate:#EditorCommon.JsonModel.Component",
          "classname": "GUIComponent",
          "name": "GUIComponent",
          "file": null,
          "fileData": {
            "path": "EnterSceneRes/main/MainUI/MainUI.json",
            "plistFile": null,
            "resourceType": 0
          }
        }
      ]
    },
    {
      "__type": "ComGameObjectSurrogate:#EditorCommon.JsonModel",
      "classname": "CCNode",
      "name": "anidoor1",
      "canedit": true,
      "objecttag": 10001,
      "rotation": 0,
      "scalex": 0.43,
      "scaley": 0.34,
      "visible": 1,
      "x": 172.0950927734375,
      "y": 271.513427734375,
      "zorder": 1,
      "gameobjects": [],
      "components": [
        {
          "__type": "ComArmatureAdapterSurrogate:#EditorCommon.JsonModel.Component",
          "classname": "CCArmature",
          "name": "CCArmature",
          "file": null,
          "fileData": {
            "path": "EnterSceneRes/main/aDoor1/aDoor1.ExportJson",
            "plistFile": null,
            "resourceType": 0
          },
          "isShowColliderRect": false,
          "selectedactionname": "Animation1"
        }
      ]
    },
    {
      "__type": "ComGameObjectSurrogate:#EditorCommon.JsonModel",
      "classname": "CCNode",
      "name": "anidoor2",
      "canedit": true,
      "objecttag": 10002,
      "rotation": 0,
      "scalex": 0.44,
      "scaley": 0.35,
      "visible": 1,
      "x": 424.15029907226562,
      "y": 269.85955810546875,
      "zorder": 1,
      "gameobjects": [],
      "components": [
        {
          "__type": "ComArmatureAdapterSurrogate:#EditorCommon.JsonModel.Component",
          "classname": "CCArmature",
          "name": "CCArmature",
          "file": null,
          "fileData": {
            "path": "EnterSceneRes/main/aDoor2/aDoor2.ExportJson",
            "plistFile": null,
            "resourceType": 0
          },
          "isShowColliderRect": false,
          "selectedactionname": "Animation1"
        }
      ]
    },
    {
      "__type": "ComGameObjectSurrogate:#EditorCommon.JsonModel",
      "classname": "CCNode",
      "name": "anidoor3",
      "canedit": true,
      "objecttag": 10003,
      "rotation": 0,
      "scalex": 0.43,
      "scaley": 0.34,
      "visible": 1,
      "x": 705.8759765625,
      "y": 270.70050048828125,
      "zorder": 1,
      "gameobjects": [],
      "components": [
        {
          "__type": "ComArmatureAdapterSurrogate:#EditorCommon.JsonModel.Component",
          "classname": "CCArmature",
          "name": "CCArmature",
          "file": null,
          "fileData": {
            "path": "EnterSceneRes/main/aDoor3/aDoor3.ExportJson",
            "plistFile": null,
            "resourceType": 0
          },
          "isShowColliderRect": false,
          "selectedactionname": "Animation1"
        }
      ]
    }
  ],
  "CanvasSize": {
    "_height": 480,
    "_width": 854
  },
  "Version": "1.2.0.0",
  "components": [
    {
      "__type": "ComSceneSurrogate:#EditorCommon.JsonModel.Component",
      "classname": "CCScene",
      "name": "CCScene",
      "scenename": "EnterScene"
    },
    {
      "__type": "ComSimpleAudioSurrogate:#EditorCommon.JsonModel.Component",
      "classname": "CCBackgroundAudio",
      "name": "CCBackgroundAudio",
      "file": null,
      "fileData": {
        "path": null,
        "plistFile": null,
        "resourceType": 0
      },
      "loop": 0
    }
  ]
}